domain,name
qunlunjituan.com,群伦集团|工程咨询|工程造价|项目管理|工程预算|工程监理|造价咨询|PPP咨询|BIM咨询
www.sjzc.edu.cn,石家庄学院(引导页)-石家庄学院(引导页)
www.zjbid.cn,403 Forbidden
gzjy.gswuwei.gov.cn,武威市公共资源交易中心
ggzyjyzx.yangzhou.gov.cn,扬州市公共资源交易中心
www.shandongxinglian.com.cn,山东兴联项目管理有限公司
www.jxemall.com,江西省政府采购电子卖场
shandong.chinatax.gov.cn,国家税务总局山东省税务局
www.jltc.edu.cn,吉林电子信息职业技术学院官网
www.xyxz.gov.cn,襄州区人民政府门户网站-首页
www.93.com.cn,九三集团
www.cjyhd.cn,首页 - 航电枢纽
www.gxljc.edu.cn,桂林学院（原广西师范大学漓江学院）官方网站
www.hefeng.gov.cn,鹤峰县人民政府门户网站
www.rpc.edu.cn,铁道警察学院
www.hunanzhongtou.com,é¦–é¡µ--æ¹–å�—ä¸­æŠ•é¡¹ç›®ç®¡ç�†æœ‰é™�å…¬å�¸
220.163.118.100,400
www.gz12hospital.cn,广州市第十二人民医院
www.cnsnvc.edu.cn,四川护理职业学院
am.scpcfe.cn,四川财经职业学院  国有资产管理处
www.lixinbank.com,安徽利辛农村商业银行股份有限公司
www.aysc.gov.cn,安岳人民政府
www.cqcvc.edu.cn,重庆城市职业学院
hbj.xiaogan.gov.cn,孝感市生态环境局
www.youzhicai.com,优质采云采购平台--电子招投标与采购平台
www.ypfph.com,云南省第一人民医院
ebs.chinajinmao.cn,阳光招采平台
www.wzgytz.com,403
www.lnzbtb.com,辽宁省沈抚改革创新示范区综合交易平台
www.sdhsg.com,山东高速集团
www.snj.gov.cn,神农架林区人民政府
ggzy.jiangling.gov.cn,江陵县公共资源交易中心
www.wxmetro.net,无锡地铁
www.ebnew.com,必联网-在线电子招投标与互联网采购供应交易平台_招标_采购_SAAS平台
www.mzgpo.com,广东计安招标采购有限公司 - 首页
www.dgbjy.com,东莞市妇幼保健院
jtysj.tangshan.gov.cn,403
xxgk.ahtcm.edu.cn,安徽中医药大学信息公开网
www.hbue.edu.cn,湖北经济学院
www.lzzy.net,柳州职业技术学院
www.jxgzsfybjy.cn,赣州市妇幼保健院
www.zjzzgc.com,403 Forbidden
cz.wuxi.gov.cn,无锡市财政局-首页
www.rhcqmu.com,www.rhcqmu.com | 502 : Bad gateway
www.kmsdyrmyy.com,昆明市第一人民医院|昆明医科大学附属甘美医院【官方网站】
anyang.hngp.gov.cn,安阳市政府采购网
www.cqswjt.cn,门户
202.97.171.175,盘锦市公共资源
www.jzxy.edu.cn,403 - 云防护
www.zgszlyy.com,自贡市大安区人民医院
www.scwdzb.com,四川万鼎招标代理有限公司_官网
zbb.swufe.edu.cn,招标办
www.mqxrmyy.com,阻断提示信息26
www.bzzbdl.com,佛山市博众招标代理有限公司
www.neijiang.gov.cn,403 Forbidden
www.sjzsggzyjyzx.org.cn,石家庄公共资源交易网
mzt.guizhou.gov.cn,贵州省民政厅门户网
www.fengxianph.com,丰县人民医院
www.eximbank.gov.cn,中国进出口银行
www.smxszxyy.cn,三门峡市中心医院
www.fstth.com,403
ggzyjy.yuhuan.gov.cn,玉环市公共资源交易中心
www.dysdermyy.org,东营市第二人民医院
www.snnu.edu.cn,陕西师范大学
www.nwwch.com,西北妇女儿童医院
www.zsdsyy.com,中山市第三人民医院
www.lishu.gov.cn,	梨树县人民政府
zbycgzx.swufe.edu.cn,招标办
www.cdcyl.org.cn,成都市共青团
www.lyxztb.com,龙游县公共资源交易网-龙游县公共资源交易中心-龙游县招投标中心-龙游县交易中心-龙游交易中心-龙游工程建设-龙游产权交易-龙游分中心
www.csszxyy.com,长沙市中心医院
www.huadian.gov.cn,桦甸市人民政府
www.masjc.com,马鞍山金诚会计师事务所
www.wuqingzhongyi.com,天津市武清区中医医院
www.cqcec.com,é‡�åº†å›½é™…ä¼šè®®å±•è§ˆä¸­å¿ƒ
www.cam.com.cn,中国机械科学研究总院集团有限公司
www.dy120.net,德阳市人民医院【官网】
www.sxdzj.gov.cn,陕西地震信息网
www.myxrmyy.com,米易县人民医院官方网站
www.fsgoa.cn,佛山市机关事务管理局
www.bjchy.gov.cn,北京朝阳
www.hzjszb.com,首页_惠州市嘉实招标代理有限公司_
www.zjrcinfo.com,浙江移动信息系统集成有限公司
angel.going-link.com,安琪SRM云平台(Going-Link)
www.cqtn.gov.cn,重庆市潼南区人民政府
www.openpurchase.com.cn,山东省齐鲁国际招标有限公司-公开采购网
ggzy.dingxi.gov.cn,定西市公共资源交易中心
bpsp.zjgj.bibenet.com,中吉国际招标电子交易平台
www.shanxiruiheng.com,瑞恒项目管理有限公司
www.xichang.gov.cn,西昌市人民政府
www.tzhl.gov.cn,泰州市海陵区人民政府
www.mchcjt.com,明诚汇采项目管理有限公司
jyglj.sc.gov.cn,四川省监狱管理局
www.hbjsxrmyy.com,403
bqrmyy.com,西安市灞桥区人民医院官网
jianan.chinacoal.com,中煤建筑安装工程集团有限公司
www.hmc.edu.cn,杭州医学院
zcc.shnu.edu.cn,资产与实验室管理处
www.qwxrmyy.com,犍为县人民医院
xxgk.ustb.edu.cn,北京科技大学党务公开、信息公开网
www.sqzy.edu.cn,商丘职业技术学院
www.glnc.edu.cn,桂林师范高等专科学校官网
www.aychfy.com,安徽医科大学附属巢湖医院
www.hncxgcgl.com,河南诚信工程管理有限公司
www.cz2yuan.com,池州市第二人民医院
www.cqch.cn,重庆大学附属肿瘤医院|重庆市肿瘤医院|重庆市肿瘤研究所|重庆市癌症中心【官方网站】
www.moutaichina.com,贵州茅台酒股份有限公司
port.xm.gov.cn,厦门港口管理局
www.changle.gov.cn,403
www.kazuo.gov.cn,喀左县人民政府
www.ccs-ibidding.com,门户
www.bjgzy.cn,毕节工业职业技术学院
www.zs-jstar.com,可疑请求拦截通知
www.sz-zr.com,苏州中润建设管理咨询有限公司-Powered by PageAdmin CMS
www.zmjt.cn,郑州煤炭工业（集团）有限公司
www.swsggzy.cn,邵武市公共资源交易中心
ggzyjyzx.lvliang.gov.cn,全国公共资源交易平台（山西省·吕梁市）
www.hnzoc.com,海南省眼科医院-中山大学中山眼科中心
www.shandongdeqin.com,山东德勤招标评估造价咨询有限公司
www.hsszhyy.cn,鹤山市中医院
sfj.huangshan.gov.cn,黄山市司法局
zbcg.buaa.edu.cn,北京航空航天大学-招标采购管理中心
www.changzhi.gov.cn,403
slj.ningbo.gov.cn,宁波市水利局
www.gxzczb.com,广西政采招标代理有限公司
www.nut.edu.cn,南昌理工学院官方网站
ggzyjyzx.qdn.gov.cn,全国公共资源交易平台(贵州省.黔东南州)
rfq.ouyeelbuy.com,很抱歉，服务出错了
www.eszggzy.cn,恩施土家族苗族自治州公共资源交易中心
www.cnaf.com,中国航空油料集团有限公司
ztbb.hnucm.edu.cn,招投标管理办公室
xuchang.hngp.gov.cn,许昌市政府采购网
www.hebcm.edu.cn,河北中医学院
www.cpeinet.com.cn,门户
www.gdaib.edu.cn,广东农工商职业技术学院
www.nfzxy.com,南方医科大学中西医结合医院
www.jsrhzh.com,江苏仁禾中衡集团【官网】
gc.hbgucheng.gov.cn,谷城县人民政府
www.zjpubservice.com,403 - 云防护
www.xinyugczx.com,新誉时代工程咨询有限公司 首页
www.ynbit.com,中国广电云南网络有限公司
zhaotoubiao.sipac.gov.cn,苏州工业园区公共资源交易中心
sw.xz.gov.cn,徐州市水务局
www.first-hospital.com,大庆油田总医院
www.deweizj.com,首页-德威工程管理咨询有限公司
www.ay5y.com,安阳五院｜安阳市第五人民医院｜安阳市传染病医院｜安阳市肝病医院｜北京佑安医院分院｜解放军302医院协作医院
www.zhongruizx.com,常州中瑞工程造价咨询有限公司
www.ydzyy.cn,温馨提示
www.mycc-bank.com,绵阳市商业银行
www.etu365.com,&#x6613;&#x571F;365&#x7535;&#x5B50;&#x62DB;&#x6295;&#x6807;&#x5E73;&#x53F0;
www.xjslt.gov.cn,403 - 网络安全审计预警平台
www.baiquan.gov.cn,中国·拜泉县人民政府
zfcg.suqian.gov.cn,403 Forbidden
www.qztc.edu.cn,泉州师范学院-Quanzhou Normal University
www.nysey.com,南阳市第二人民医院
www.csrcbank.com,常熟农商银行
action.ccego.cn,HTTP Status 404 – Not Found
shanghai.chinatax.gov.cn,国家税务总局上海市税务局
www.chinaguangdongbidding.com,广咨电子招投标交易平台
www.furong.gov.cn,长沙市芙蓉区人民政府
www.feig.com.cn,福建省电子信息集团
www.qtnu.edu.cn,琼台师范学院校园信息门户
www.lyszxyy.com,洛阳市中心医院【官网】
hbhjgc.cn,湖北浩嘉工程项目管理有限公司
fjjsztb.enjoy5191.com,房屋建筑和市政基础设施工程电子招标投标交易平台
www.wzbc.edu.cn,温州商学院
ztb.chinays.gov.cn,
zcc.ahut.edu.cn,安徽工业大学资产管理处欢迎您！
www.gzylzbdl.com,广州宜立工程管理有限公司
www.jszhicheng.com,江苏志诚工程咨询管理有限公司
www.haisco.com,海思科医药集团股份有限公司
www.gzjtzy.net,贵州交通职业技术学院
www.dfggzyjy.com,登封市公共资源交易中心
www.syswgw.com,沈阳水务集团
www.dgpt.edu.cn,东莞职业技术学院
47.110.59.239,400 The plain HTTP request was sent to HTTPS port
scm.crland.com.cn,华润置地采购云平台
www.zjsru.edu.cn,浙江树人学院
www.yzcjt.com,永州城发集团-永州市城市发展集团有限责任公司
www.chinaredstar.com,红星美凯龙家居_全球家居品牌典范-红星美凯龙官网
gzw.ningbo.gov.cn,宁波市国资委网站
www.ahdxpm.com,安徽鼎信项目管理股份有限公司—建设投资全过程工程管理咨询服务机构
www.glflyy.com,桂林市社会福利医院
www.yzhmyy.com,扬州市第二人民医院（惠民医院）
gzc.nufe.edu.cn,国有资产管理处
www.luzhouqu.gov.cn,403 - 云防护
wsjkw.hebei.gov.cn,首页 - 河北省卫生健康委员会
www.obei.com.cn,"欧贝-工业品供应链生态平台，MRO数字供应链专家,一站式mro工业品采购商城，询比价专业平台"
www.tmuaih.com,天津医科大学总医院空港医院
www.lsxrmyy.cn,邻水县人民医院
www.fckyy.org.cn,复旦大学附属妇产科医院
www.chinabond.com.cn,405
jy.ggj.huainan.gov.cn,	淮南市公共资源
www.419.com.cn,辽阳职业技术学院
49.4.26.227,404 Not Found
chenzhou.hnsggzy.com,湖南省公共资源交易服务平台
dz.yxt101.com,医信通-医疗行业信息共享平台
www.shangluo.gov.cn,商洛市人民政府
www.wx3h.com.cn,午夜导航
www.gxxmglzx.com,广西建设工程项目管理中心有限责任公司
www.dykq120.com,【官网】德阳市口腔医院
www.hbjhzx.com,ºş±±½­ºÓÊ¢ÌÚ¹¤³Ì×ÉÑ¯ÓĞÏŞ¹«Ë¾
www.fjsetyy.com,福建省儿童医院
www.zj.gov.cn,浙江省人民政府门户网站
www.byxh.com,首页
www.masxmzx.com,马鞍山市兴马项目咨询有限公司
nyt.hubei.gov.cn,湖北省农业农村厅
cqydwsxx.cn,重庆市渝东卫生学校
tjj.huangshan.gov.cn,黄山市统计局
www.cqie.edu.cn,重庆工程学院
www.lyxggzyjyzx.com,临颍县公共资源交易中心
120.221.95.208,index
www.cfcpn.com,金采网
www.ahydgs.com,安徽省驿达高速公路服务区经营管理有限公司
www.zjshtcm.com,湛江市第二中医医院 
www.gdhuaxin.cn,广东华鑫招标采购有限公司
www.lydfyy.com,洛阳市东方人民医院|河南科技大学第三附属医院
ggzy.qz.gov.cn,衢州市公共资源交易中心
www.bid110.com,公安警察招标采购网 - 警务警用设备器材招投标采购大数据平台
hsgwh.huangshan.gov.cn,黄山风景区管理委员会
ygcg.pvc.conch.cn,403 Forbidden
swj.sjz.gov.cn,商务局
www.longkou.gov.cn,403
web.cmc.hebtv.com,403 Forbidden
ahdmig.cn,安徽大别山国有资产投资（控股）集团有限公司 
www.lzsery.cn,泸州市妇幼保健院【官方网站】|泸州市第二人民医院【官方网站】
www.fuwaihospital.org,中国医学科学院阜外医院
www.bjzgh.org,北京市总工会
www.ccgp-jiangsu.gov.cn,江苏政府采购网
www.zs.gov.cn,中山市人民政府门户网站--孙中山故乡欢迎您
yl.sxggzyjy.cn,全国公共资源交易平台（陕西省·榆林市）
www.ahjzu.edu.cn,安徽建筑大学
www.kecheng.gov.cn,柯城区人民政府
ggjy.wencheng.gov.cn,文成县公共资源交易中心-温州市招标投标网
www.gdsdyy.com,广州中医药大学顺德医院
sjj.huangshan.gov.cn,黄山市审计局
www.picchealth.com,PICC中国人民健康保险股份有限公司
jyyw.changde.gov.cn,常德市公共资源交易平台
www.scnx.gov.cn,警告
www.hdhospital.com,502 Bad Gateway
qc.dongfengtc.com,东风交易中心（企采平台）
www.zcgczx.com,403 Forbidden
www.tfxqrmyy.com,四川天府新区人民医院
www.yunyang.gov.cn,云阳县人民政府
www.yjtcm.com,阳江市中医医院-三级甲等中医医院
www.fjgstc.com,首页_福建省高速技术咨询有限公司
gjj.gz.gov.cn,406
www.xzkqyy.com,徐州市口腔医院【官网】
www.ypic.cn,首页 - 黄河财险
www.yxxyy.org.cn,岳西县医院 - 安徽医科大学教学医院
www.nanchong.gov.cn,南充市人民政府
wsjkj.zhuhai.gov.cn,珠海市卫生健康局网站
sxwg.sx.gov.cn,绍兴市文化广电旅游局
jtj.ankang.gov.cn,403 - 云防护
123.15.34.67,全国公共资源交易平台（河南省-中牟县）
www.bzu.edu.cn,滨州学院
www.ahjkjt.com,安徽省交通控股集团有限公司
wc4hospital.scu.edu.cn,华西第四医院
www.sjpopc.net,四川司法警官职业学院
www.fjsl.com.cn,福建省立医院
www.cj-pension.com.cn,长江养老保险股份有限公司
www.lxzrmyy.com,临夏州人民医院
sthj.sh.gov.cn,403 - 云防护
zfcg.jian.gov.cn,吉安政府采购网
xcsb.sqzy.edu.cn,校产设备管理处
www.qyhygs.cn,清远市合源项目管理有限公司-首页
www.datonghu.gov.cn,ÖÐ¹úÒæÑôÍø
zwfw.tj.gov.cn,天津网上办事大厅
gzc.ahtcm.edu.cn,国有资产管理处
www.cntec.com.cn,中国乡镇企业有限公司
jtj.cq.gov.cn,重庆市交通局
www.jyu.edu.cn,嘉应学院
ylbzj.ahsz.gov.cn,宿州市医疗保障局
www.chinasalt.com.cn,中国盐业集团有限公司
www.lndzj.gov.cn,辽宁省地震局
www.aygtggzy.cn,安钢公共资源交易平台
hbjxgl.com,湖北嘉信建设工程项目管理有限公司 | 咸宁招标代理公司 | 咸宁造价咨询公司 | 咸宁公共资源交易中心
www.wenda.edu.cn,安徽文达信息工程学院-教育部批准的普通本科高校
www.hbxyairport.com,襄阳机场
www.sxhyzb.com,山西衡宇招标代理有限公司
www.ahsxkyy.com,安徽省胸科医院
www.jlsu.edu.cn,吉林体育学院::JLSU::www.jlsu.edu.cn
www.xtggzy.com,仙桃市公共资源交易中心
www.lntb.gov.cn,辽宁省招标投标监管网
www.gyct.gov.cn,广元市朝天区人民政府
www.gzy.edu.cn,贵州中医药大学
www.cqdjzyy.com,403 Forbidden
sxggzyjy.xa.gov.cn,全国公共资源交易平台（陕西省·西安市）
www.symtc.com,沈阳地铁集团有限公司-官网
www.zhongyuanzb.com,广东中元招标代理有限公司
gdj.hubei.gov.cn,湖北省广播电视局
cgzx.ruc.edu.cn,403
www.sxzyy.cn,绍兴市中医院
www.chinadezheng.cn,广东德正工程管理有限公司
www.wz-yy.net,陕西万泽招标有限公司
www.nxqrmyy.com,湖州市南浔区人民医院
www.chinagrandauto.com,广汇汽车服务集团股份公司
www.chancheng.gov.cn,禅城区人民政府门户网
www.wsgcjy.com,皇冠比分官网_皇冠开户网_威尼斯人下载
www.fengyang.gov.cn,凤阳县人民政府
jyzx.gsht.gov.cn,华亭市公共资源交易中心
bgpc.beijing.gov.cn,北京市政府采购中心
www.hbdj.gov.cn,杜集区人民政府
fzsggzyjyfwzx.cn,福州公共资源交易网
www.glmc.edu.cn,桂林医学院官网
www.scmy120.com,绵阳市第三人民医院
www.xingtai.gov.cn,邢台市人民政府
www.ibcnuc.edu.cn,山西晋中理工学院（原中北大学信息商务学院）
www.sjyunc.com,陕建云采电子商务平台--欢迎您！
www.huijing.org,湘潭市中心医院
jc.yzw.cn,云筑集采
xtcg.cz.xiangtan.gov.cn,湘潭政府采购网
new.sztc.com,深圳市国际招标有限公司
wsjkw.gxzf.gov.cn,广西壮族自治区卫生健康委员会网站
www.xhu.edu.cn,西华大学
www.hbbidding.com.cn,湖北省招标股份有限公司
www.scanju.gov.cn,首页 - 安居区政府门户网
xjaltggzy.gov.cn,403 - 网络安全审计预警平台
rta.hebei.gov.cn, 河北省广播电视局
www.cj.gov.cn,昌吉回族自治州人民政府网
ztb.dongtou.gov.cn,洞头区公共资源交易网-洞头区招标投标网网
